{"epoch/categorical_accuracy": 0.3583333194255829, "epoch/loss": 15503.8759765625, "epoch/val_categorical_accuracy": 0.30000001192092896, "epoch/val_loss": 15981.5595703125, "epoch/epoch": 46, "_timestamp": 1712530160.3717797, "_runtime": 2122.6398565769196, "_step": 46}