{"epoch/categorical_accuracy": 0.36250001192092896, "epoch/categorical_crossentropy": 1.1135345697402954, "epoch/loss": 1.1135345697402954, "epoch/val_categorical_accuracy": 0.38333332538604736, "epoch/val_categorical_crossentropy": 1.1121455430984497, "epoch/val_loss": 1.1134768724441528, "epoch/epoch": 2, "_timestamp": 1712527200.4675436, "_runtime": 179.01381468772888, "_step": 2, "_wandb": {"runtime": 231}}